{"cameraMode":{"drawMode":0,"name":"Shaded","section":"Shading Mode"},"sceneLighting":false,"audioPlay":false,"sceneViewState":{"showFog":true,"showMaterialUpdate":true,"showSkybox":false,"showFlares":true,"showImageEffects":true,"showParticleSystems":true},"in2DMode":false,"pivot":{"x":-0.5839999914169312,"y":1.524999976158142,"z":-0.46299999952316286},"rotation":{"x":0.004151702392846346,"y":0.9805086255073547,"z":-0.19550414383411408,"w":0.020893888548016549},"size":22.0,"orthographic":false}