{"cameraMode":{"drawMode":0,"name":"Shaded","section":"Shading Mode"},"sceneLighting":false,"audioPlay":false,"sceneViewState":{"showFog":true,"showMaterialUpdate":true,"showSkybox":false,"showFlares":true,"showImageEffects":true,"showParticleSystems":true},"in2DMode":false,"pivot":{"x":-0.7035003304481506,"y":1.6539998054504395,"z":-0.2955000400543213},"rotation":{"x":0.007723053451627493,"y":0.9781981706619263,"z":-0.20421425998210908,"w":0.036994218826293948},"size":22.0,"orthographic":false}