{"cameraMode":{"drawMode":0,"name":"Shaded","section":"Shading Mode"},"sceneLighting":false,"audioPlay":false,"sceneViewState":{"showFog":true,"showMaterialUpdate":true,"showSkybox":false,"showFlares":true,"showImageEffects":true,"showParticleSystems":true},"in2DMode":false,"pivot":{"x":0.8989999890327454,"y":4.644000053405762,"z":1.8464603424072266},"rotation":{"x":0.007723053451627493,"y":0.9781981706619263,"z":-0.20421425998210908,"w":0.036994218826293948},"size":0.09353678673505783,"orthographic":false}