{"cameraMode":{"drawMode":0,"name":"Shaded","section":"Shading Mode"},"sceneLighting":false,"audioPlay":false,"sceneViewState":{"showFog":true,"showMaterialUpdate":true,"showSkybox":false,"showFlares":true,"showImageEffects":true,"showParticleSystems":true},"in2DMode":false,"pivot":{"x":0.6284521818161011,"y":3.7590506076812746,"z":1.9519262313842774},"rotation":{"x":-0.033326007425785068,"y":0.8986173272132874,"z":-0.06912238150835037,"w":-0.4320768415927887},"size":0.10459689795970917,"orthographic":false}