{"cameraMode":{"drawMode":0,"name":"Shaded","section":"Shading Mode"},"sceneLighting":false,"audioPlay":false,"sceneViewState":{"showFog":true,"showMaterialUpdate":true,"showSkybox":false,"showFlares":true,"showImageEffects":true,"showParticleSystems":true},"in2DMode":false,"pivot":{"x":0.10045099258422852,"y":2.570960521697998,"z":0.11010175943374634},"rotation":{"x":-0.22365930676460267,"y":0.5776068568229675,"z":-0.16847917437553407,"w":-0.7667889595031738},"size":2.8578836917877199,"orthographic":false}