{"cameraMode":{"drawMode":0,"name":"Shaded","section":"Shading Mode"},"sceneLighting":false,"audioPlay":false,"sceneViewState":{"showFog":true,"showMaterialUpdate":true,"showSkybox":false,"showFlares":true,"showImageEffects":true,"showParticleSystems":true},"in2DMode":false,"pivot":{"x":-0.022426147013902665,"y":0.01616150513291359,"z":0.001967141404747963},"rotation":{"x":-0.02686953730881214,"y":0.9659178256988525,"z":-0.23208847641944886,"w":-0.11176250874996185},"size":0.10946093499660492,"orthographic":false}